title,price,rating,description,sellername
RESIST EYEWEAR - White Rectangular Sunglasses ( Pack of 1 ),849,(5.0),"POLY CARBONATE LENS : 100% UV Protection - 100% Protection Against Harmful UVA/UVB Rays. UVA and UVB Ultra Violet Blocking Lenses for Eliminating Glare While Maintaining Colour Integrity. High-Definition Lens Gives You A Natural and Clear Vision; Durable and Shatterproof. DESIGN : Design is architect in such a way that it will make your goggles more stable and more comfortable to wear every day. ACTIVITY : Whether you go for hiking, fishing, riding the adventure will surely be promising. It will also ensures you always stand out with your unique style.",vl enterprise llp
Fair-X - Gold Pilot Sunglasses ( Pack of 1 ),209,(4.2),"The images represent actual product though color of the image and product may slightly differ.
For warranty-related claims, please contact the brand service centre.",arizona fo
Creature - Black Square Sunglasses ( Pack of 2 ),379,(4.1),Creature Black & Green Sunglasses Combo with UV Protection (Lens-Black & Green||Frame-Black & Green||SUN-01-03,creature retail pvt ltd
Style Smith Unisex Pilot Polarized & UV Protected Purple Lens Sunglasses,399,(3.8),"Style Smith Sunglasses collection features some of the most stylish and trendy sunglasses for men and women. Available in a variety of colours and shapes, it ensures you always stand out with your unique style.",juscorp enterprises private limited
David Martin Black Square Sunglasses ( Pack of 1 ),129,(3.9),"Retro Square Sunglasses  (For Men & Women, Black)",rajeev optics
Kanny Devis Black Oval Sunglasses ( Pack of 1 ),259,(4.5),"Animal Movie Inspired Sunglasses for Men : Step into the wild world of fashion with our Animal Movie-Inspired Sunglasses â€“ where style meets the untamed feeling of the animal kingdom. These sunglasses are not just an accessory; they're a statement, drawing inspiration from the mesmerizing allure of your favorite creatures from the big screen.",az-aarjav
Peter Jones - Black Square Sunglasses ( Pack of 1 ),749,(4.4),The images represent actual product though color of the image and product may slightly differ.,chawla traders
Funk Gold Pilot Sunglasses ( Pack of 1 ),129,,"The images represent actual product though color of the image and product may slightly differ.
For warranty-related claims, please contact the brand service centre.",rajeev optics
Arizona Sunglasses - Black Rectangular Sunglasses ( Pack of 1 ),339,(4.2),The images represent actual product though color of the image and product may slightly differ.,az-aarjav
RESIST EYEWEAR - Black Pilot Sunglasses ( Pack of 1 ),1199,(4.5),"Top of Form, currently one of the most iconic sunglass models in the world. This style of sunglasses is credited with being one of the first popularized style of sunglasses to be developed. In its military usage, the sunglasses replaced the outmoded flight goggles used previously, as they were lighter, thinner, and more elegantly designed. Classic Aircrafts sunglasses by Resist are a timeless model that combines great styling with exceptional quality, performance and comfort. With a classic metal frame, you can see the world through a variety of lens colours including dark, gradient, mercury and day and night that provide optimum visual clarity and 100% UV protection.",vl enterprise llp
Fair-X - Gold Pilot Sunglasses ( Pack of 1 ),269,(4.2),"The images represent actual product though color of the image and product may slightly differ.
For warranty-related claims, please contact the brand service centre.",arizona fo
Creature Sunglasses Combo ( 2 pairs of sunglasses ),419,(4.1),Creature Green & Brown Pilot Sunglasses Combo with UV Protection (Lens-Green & Brown||Frame-Black & Brown||SUN-036-037).,creature retail pvt ltd
Style Smith - Black Pilot Sunglasses ( Pack of 1 ),299,(4.3),"Style Smith Sunglasses collection features some of the most stylish and trendy sunglasses for men and women. Available in a variety of colours and shapes, it ensures you always stand out with your unique style.",juscorp enterprises private limited
Kanny Devis - Gold Pilot Sunglasses ( Pack of 1 ),145,(4.3),"The images represent actual product though color of the image and product may slightly differ.
For warranty-related claims, please contact the brand service centre.",az-aarjav
Peter Jones - Brown Oversized Sunglasses ( Pack of 1 ),399,(4.4),The images represent actual product though color of the image and product may slightly differ.,chawla traders
RESIST EYEWEAR - Black Square Sunglasses ( Pack of 1 ),1199,(4.3),"100% POLORISE AND UV PROTECTIONLIGHT WEIGHT MATERIALThe FLATONICS  design is known for its chic look. The unique design exemplifies style statement and establishes a benchmark in the world of eyeglasses. Ever since their first appearance in the 30s, FLATONICS have unique and simple design that is incomparable. Presenting the new Resist FLATONICS UV Sunglasses. Crafted in rebellious look, these sunglasses are becoming popular by the day. These are light weight and flexible. Apart from this, they provide a great look. Its frame is made of plastic which doesn't harm the skin.",vl enterprise llp
Fair-X - Copper Pilot Sunglasses ( Pack of 1 ),209,(4.2),"The images represent actual product though color of the image and product may slightly differ.
For warranty-related claims, please contact the brand service centre.",arizona fo
Creature - Black Rectangular Sunglasses ( Pack of 1 ),289,(4.3),One of the amazing accessories to enhance your style statement is sunglasses. They are trendy and never really go out of style. Made of polycarbonate material our products are ergonomically designed to give you a comfortable head hugging fit. Thus providing all-day wearing comfort. Sunglasses by Creature have been designed keeping your comfort and care as our first priority. These sunglasses are really light and have been made of high quality frame with Stunning Looks & Flashy Colors. Creature sunglasses give you 100% protection against harmful UVA/UVB rays and are polarized for your eye care. Stay young.,creature retail pvt ltd
Kanny Devis - Black Wrap Around Sunglasses ( Pack of 1 ),129,(3.7),Night Vision Glasses For Bike and Car - Easy Driving,az-aarjav
Creature - Brown Square Sunglasses ( Pack of 1 ),289,(3.9),The images represent actual product though color of the image and product may slightly differ.,creature retail pvt ltd
